"Message",Low,"Starting .NET Native compilation"
"Message",Low,""
"Message",Low,""
"Message",Low,"Task ""Gatekeeper"""
"Message",Normal,"Launching 'C:\Program Files (x86)\Microsoft SDKs\UWPNuGetPackages\runtime.win10-arm64.microsoft.net.native.compiler\2.2.12-rel-31116-00\tools\ARM64\ilc\ilc.exe --gatekeeper @""G:\Projects\LyricManager\LyricManager\obj\ARM64\Release\ilc\intermediate\gkargs.rsp""'"
"Message",Low,"Microsoft (R) .NET Native Gatekeeper Version 2.2.31116.00 "
"Message",Low,"Copyright (C) Microsoft Corporation.  All rights reserved. "
"Message",Low," "
"Message",Low,"Checking assembly 'G:\Projects\LyricManager\LyricManager\obj\ARM64\Release\ilc\in\LyricManager.exe'. "
"Message",Normal,"'C:\Program Files (x86)\Microsoft SDKs\UWPNuGetPackages\runtime.win10-arm64.microsoft.net.native.compiler\2.2.12-rel-31116-00\tools\ARM64\ilc\ilc.exe --gatekeeper @""G:\Projects\LyricManager\LyricManager\obj\ARM64\Release\ilc\intermediate\gkargs.rsp""' completed."
"Message",Normal,"Process execution statistics (all times in milliseconds)"
"Message",Normal,"-----------------------------------------------------------------------------"
"Message",Normal,"launch  |  start   |   stop   |   end    | duration | lifetime | [slot] name"
"Message",Normal,"-----------------------------------------------------------------------------"
"Message",Normal,"       0 |       16 |      172 |      328 |      156 |      328 | [0] Gatekeeper"
"Message",Normal,"Number of commands:      1"
"Message",Normal,"Total system time:       328 ms"
"Message",Normal,"System time per command: 328 ms"
"Message",Normal,"Total duration:          156 ms"
"Message",Normal,"Total lifetime:          328 ms"
"Message",Normal,"Requested DOP:           6"
"Message",Normal,"Duration DOP:            0.5"
"Message",Normal,"Lifetime DOP:            1.0"
"Message",Low,"Done executing task ""Gatekeeper""."
"Message",Low,"Done building target ""RunGatekeeper"" in file ""Preparation""."
"Message",Low,""
"Message",Low,"Done building target ""CreateToolchainGeneratedAssembly"" in file ""Preparation""."
"Message",Low,""
"Message",Low,"Task ""PreMergeAssemblyClosure"""
"Message",Low,"Done executing task ""PreMergeAssemblyClosure""."
"Message",Low,"Done building target ""ConstructPreMergeAssemblyClosure"" in file ""Preparation""."
"Message",Low,""
"Message",Low,"Task ""McgReferenceResolveFilePath"""
"Message",Low,"Done executing task ""McgReferenceResolveFilePath""."
"Message",Low,"Done building target ""PreResolveTransforms"" in file ""Preparation""."
"Message",Low,""
"Message",Low,"Task ""ResolveToolchainRequiredAssemblyRoots"""
"Message",Low,"Done executing task ""ResolveToolchainRequiredAssemblyRoots""."
"Message",Low,"Task ""ILTransformAssemblyClosure"""
"Message",Low,"Done executing task ""ILTransformAssemblyClosure""."
"Message",Low,"Task ""ResolveToolchainRequiredAssemblyRoots"""
"Message",Low,"Done executing task ""ResolveToolchainRequiredAssemblyRoots""."
"Message",Low,"Task ""ReducedCopyAssemblyClosure"""
"Message",Low,"Done executing task ""ReducedCopyAssemblyClosure""."
"Message",Low,"Done building target ""ConstructILTransformAssemblyClosure"" in file ""Preparation""."
"Message",Low,"Done building project ""Preparation""."
"Message",Low,""
"Message",Low,""
"Message",High,"Processing application code"
"Message",Low,"Task ""RunILTransforms"""
"Message",Normal,"Running 'DumpNativeResources' transform, heap at 27 MB."
"Message",Normal,"Running 'Analysis' transform, heap at 41 MB."
"Message",Low,"Loading 69 modules..."
"Message",Normal,"Imported reflection directives from 8 files:"
"Message",Normal,"G:\Projects\LyricManager\LyricManager\obj\ARM64\Release\ilc\in\Properties\Default.rd.xml"
"Message",Normal,"Embedded manifest in System.Private.Interop: Resources.System.Private.Interop.rd.xml"
"Message",Normal,"Embedded manifest in System.Private.WinRTInterop.CoreLib: Resources.System.Private.WinRTInterop.CoreLib.rd.xml"
"Message",Normal,"Embedded manifest in System.Runtime.WindowsRuntime.UI.Xaml: Resources.System.Runtime.WindowsRuntime.UI.Xaml.rd.xml"
"Message",Normal,"Embedded manifest in System.Private.CoreLib: Resources.System.Private.CoreLib.rd.xml"
"Message",Normal,"Embedded manifest in System.Private.Uri: Resources.System.Private.Uri.rd.xml"
"Message",Normal,"Embedded manifest in System.Private.Reflection.Core: System.Private.Reflection.Core.rd.xml"
"Message",Normal,"Embedded manifest in System.Net.Primitives: Resources.System.Net.Primitives.rd.xml"
"Message",Normal,"Imported XAML Roots from 1 files:"
"Message",Normal,"G:\Projects\LyricManager\LyricManager\obj\ARM64\Release\ilc\in\LyricManager.xr.xml"
"Message",Normal,"Running 'Mcg' transform, heap at 171 MB."
"Message",High,"Computing application closure and generating interop code"
"Message",High,"  Loading 69 modules..."
"Message",Normal,"          P/Invoke 'RhpGetFuncEvalParameterBufferSize' with [DllImport(ExactSpelling=true)] resolved to '[MRT]!RhpGetFuncEvalParameterBufferSize'."
"Message",Normal,"          P/Invoke 'RhpGetFuncEvalMode' with [DllImport(ExactSpelling=true)] resolved to '[MRT]!RhpGetFuncEvalMode'."
"Message",Normal,"          P/Invoke 'RhpRecordDebuggeeInitiatedHandle' with [DllImport(ExactSpelling=true)] resolved to '[MRT]!RhpRecordDebuggeeInitiatedHandle'."
"Message",Normal,"          P/Invoke 'RhpVerifyDebuggerCleanup' with [DllImport(ExactSpelling=true)] resolved to '[MRT]!RhpVerifyDebuggerCleanup'."
"Message",Normal,"          P/Invoke 'RhpGetCurrentThread' with [DllImport(ExactSpelling=true)] resolved to '[MRT]!RhpGetCurrentThread'."
"Message",Normal,"          P/Invoke 'RhWaitForPendingFinalizers' with [DllImport(ExactSpelling=true)] resolved to '[MRT]!RhWaitForPendingFinalizers'."
"Message",Normal,"          P/Invoke 'RhYield' with [DllImport(ExactSpelling=true)] resolved to '[MRT]!RhYield'."
"Message",Normal,"          P/Invoke 'RhFlushProcessWriteBuffers' with [DllImport(ExactSpelling=true)] resolved to '[MRT]!RhFlushProcessWriteBuffers'."
"Message",Normal,"          P/Invoke 'RhCompatibleReentrantWaitAny' with [DllImport(ExactSpelling=true)] resolved to '[MRT]!RhCompatibleReentrantWaitAny'."
"Message",Normal,"          P/Invoke 'RhCallDescrWorker' with [DllImport(ExactSpelling=true)] resolved to '[MRT]!RhCallDescrWorker'."
"Message",Normal,"          P/Invoke '_ecvt_s' with [DllImport(ExactSpelling=true)] resolved to '[MRT]!_ecvt_s'."
"Message",Normal,"          P/Invoke 'memmove' with [DllImport(ExactSpelling=true)] resolved to '[MRT]!memmove'."
"Message",Normal,"          P/Invoke 'memset' with [DllImport(ExactSpelling=true)] resolved to '[MRT]!memset'."
"Message",Normal,"          P/Invoke 'CallingConventionConverter_GetStubs' with [DllImport(ExactSpelling=true)] resolved to '*!CallingConventionConverter_GetStubs'."
"Message",Normal,"          P/Invoke 'WindowsCreateStringReference' resolved to 'WindowsCreateStringReference!api-ms-win-core-winrt-string-l1-1-0.dll' from 'SupportedAPIs.xml'."
"Message",Normal,"          P/Invoke 'GetLastError' resolved to 'GetLastError!api-ms-win-core-errorhandling-l1-1-0.dll' from 'SupportedAPIs.xml'."
"Message",Normal,"          P/Invoke 'SetLastError' resolved to 'SetLastError!api-ms-win-core-errorhandling-l1-1-0.dll' from 'SupportedAPIs.xml'."
"Message",Normal,"          P/Invoke 'RoInitialize' resolved to 'RoInitialize!api-ms-win-core-winrt-l1-1-0.dll' from 'SupportedAPIs.xml'."
"Message",Normal,"          P/Invoke 'IsValidLocaleName' resolved to 'IsValidLocaleName!api-ms-win-core-localization-l1-2-0.dll' from 'SupportedAPIs.xml'."
"Message",Normal,"          P/Invoke 'ResolveLocaleName' resolved to 'ResolveLocaleName!api-ms-win-core-localization-l1-2-0.dll' from 'SupportedAPIs.xml'."
"Message",Normal,"          P/Invoke 'CertDuplicateCertificateContext' resolved to 'CertDuplicateCertificateContext!crypt32.dll' from 'SupportedAPIs.xml'."
"Message",Normal,"          P/Invoke 'CertGetCertificateContextProperty' resolved to 'CertGetCertificateContextProperty!crypt32.dll' from 'SupportedAPIs.xml'."
"Message",Normal,"          P/Invoke 'GetCPInfoExW' resolved to 'GetCPInfoExW!kernel32.dll' from 'SupportedAPIs.xml'."
"Message",Normal,"          P/Invoke 'CryptQueryObject' resolved to 'CryptQueryObject!crypt32.dll' from 'SupportedAPIs.xml'."
"Message",Normal,"          P/Invoke 'CertDuplicateCertificateContext' resolved to 'CertDuplicateCertificateContext!crypt32.dll' from 'SupportedAPIs.xml'."
"Message",Normal,"          P/Invoke 'CertFreeCertificateContext' resolved to 'CertFreeCertificateContext!crypt32.dll' from 'SupportedAPIs.xml'."
"Message",Normal,"          P/Invoke 'CryptMsgGetParam' resolved to 'CryptMsgGetParam!crypt32.dll' from 'SupportedAPIs.xml'."
"Message",Normal,"          P/Invoke 'CryptMsgGetParam' resolved to 'CryptMsgGetParam!crypt32.dll' from 'SupportedAPIs.xml'."
"Message",Normal,"          P/Invoke 'PFXImportCertStore' resolved to 'PFXImportCertStore!crypt32.dll' from 'SupportedAPIs.xml'."
"Message",Normal,"          P/Invoke 'CryptFindOIDInfo' resolved to 'CryptFindOIDInfo!crypt32.dll' from 'SupportedAPIs.xml'."
"Message",Normal,"          P/Invoke 'CoCreateInstance' resolved to 'CoCreateInstance!api-ms-win-core-com-l1-1-0.dll' from 'SupportedAPIs.xml'."
"Message",Normal,"          P/Invoke 'CertGetCertificateContextProperty' resolved to 'CertGetCertificateContextProperty!crypt32.dll' from 'SupportedAPIs.xml'."
"Message",Normal,"          P/Invoke 'CertCloseStore' resolved to 'CertCloseStore!crypt32.dll' from 'SupportedAPIs.xml'."
"Message",Normal,"          P/Invoke 'CryptMsgClose' resolved to 'CryptMsgClose!crypt32.dll' from 'SupportedAPIs.xml'."
"Message",Normal,"          P/Invoke 'CertFindCertificateInStore' resolved to 'CertFindCertificateInStore!crypt32.dll' from 'SupportedAPIs.xml'."
"Message",Normal,"          P/Invoke 'CryptAcquireContextW' resolved to 'CryptAcquireContextW!advapi32.dll' from 'SupportedAPIs.xml'."
"Message",Normal,"          P/Invoke 'CertEnumCertificatesInStore' resolved to 'CertEnumCertificatesInStore!crypt32.dll' from 'SupportedAPIs.xml'."
"Message",Normal,"          P/Invoke 'SysFreeString' resolved to 'SysFreeString!OleAut32' from 'SupportedAPIs.xml'."
"Message",Normal,"          P/Invoke 'FormatMessageW' resolved to 'FormatMessageW!kernel32.dll' from 'SupportedAPIs.xml'."
"Message",Normal,"          P/Invoke 'CertGetNameStringW' resolved to 'CertGetNameStringW!crypt32.dll' from 'SupportedAPIs.xml'."
"Message",Normal,"          P/Invoke 'CertGetNameStringW' resolved to 'CertGetNameStringW!crypt32.dll' from 'SupportedAPIs.xml'."
"Message",Normal,"          P/Invoke 'NCryptOpenKey' resolved to 'NCryptOpenKey!ncrypt.dll' from 'SupportedAPIs.xml'."
"Message",Normal,"          P/Invoke 'NCryptDeleteKey' resolved to 'NCryptDeleteKey!ncrypt.dll' from 'SupportedAPIs.xml'."
"Message",Normal,"          P/Invoke 'NCryptOpenStorageProvider' resolved to 'NCryptOpenStorageProvider!ncrypt.dll' from 'SupportedAPIs.xml'."
"Message",Normal,"          P/Invoke 'CryptGetKeyParam' resolved to 'CryptGetKeyParam!advapi32.dll' from 'SupportedAPIs.xml'."
"Message",Normal,"          P/Invoke 'CryptFindOIDInfo' resolved to 'CryptFindOIDInfo!crypt32.dll' from 'SupportedAPIs.xml'."
"Message",Normal,"          P/Invoke 'CertGetCertificateChain' resolved to 'CertGetCertificateChain!crypt32.dll' from 'SupportedAPIs.xml'."
"Message",Normal,"          P/Invoke 'CryptGetDefaultProviderW' resolved to 'CryptGetDefaultProviderW!advapi32.dll' from 'SupportedAPIs.xml'."
"Message",Normal,"          P/Invoke 'CryptAcquireContextW' resolved to 'CryptAcquireContextW!advapi32.dll' from 'SupportedAPIs.xml'."
"Message",Normal,"          P/Invoke 'CryptGetUserKey' resolved to 'CryptGetUserKey!advapi32.dll' from 'SupportedAPIs.xml'."
"Message",Normal,"          P/Invoke 'CertVerifyCertificateChainPolicy' resolved to 'CertVerifyCertificateChainPolicy!crypt32.dll' from 'SupportedAPIs.xml'."
"Message",Normal,"          P/Invoke 'CertNameToStrW' resolved to 'CertNameToStrW!crypt32.dll' from 'SupportedAPIs.xml'."
"Message",Normal,"          P/Invoke 'CryptFormatObject' resolved to 'CryptFormatObject!crypt32.dll' from 'SupportedAPIs.xml'."
"Message",Normal,"          P/Invoke 'CertAddCertificateLinkToStore' resolved to 'CertAddCertificateLinkToStore!crypt32.dll' from 'SupportedAPIs.xml'."
"Message",Normal,"          P/Invoke 'CryptGetProvParam' resolved to 'CryptGetProvParam!advapi32.dll' from 'SupportedAPIs.xml'."
"Message",Normal,"          P/Invoke 'CryptDestroyKey' resolved to 'CryptDestroyKey!advapi32.dll' from 'SupportedAPIs.xml'."
"Message",Normal,"          P/Invoke 'NCryptFreeObject' resolved to 'NCryptFreeObject!ncrypt.dll' from 'SupportedAPIs.xml'."
"Message",Normal,"          P/Invoke 'CryptFormatObject' resolved to 'CryptFormatObject!crypt32.dll' from 'SupportedAPIs.xml'."
"Message",Normal,"          P/Invoke 'GetNetworkParams' resolved to 'GetNetworkParams!iphlpapi.dll' from 'SupportedAPIs.xml'."
"Message",Normal,"          P/Invoke 'LocalAlloc' resolved to 'LocalAlloc!kernel32.dll' from 'SupportedAPIs.xml'."
"Message",Normal,"          P/Invoke 'CertOpenStore' resolved to 'CertOpenStore!crypt32.dll' from 'SupportedAPIs.xml'."
"Message",Normal,"          P/Invoke 'CryptImportPublicKeyInfoEx2' resolved to 'CryptImportPublicKeyInfoEx2!crypt32.dll' from 'SupportedAPIs.xml'."
"Message",Normal,"          P/Invoke 'BCryptExportKey' resolved to 'BCryptExportKey!BCrypt.dll' from 'SupportedAPIs.xml'."
"Message",Normal,"          P/Invoke 'CryptDecodeObject' resolved to 'CryptDecodeObject!crypt32.dll' from 'SupportedAPIs.xml'."
"Message",Normal,"          P/Invoke 'CertFreeCertificateChain' resolved to 'CertFreeCertificateChain!crypt32.dll' from 'SupportedAPIs.xml'."
"Message",Normal,"          P/Invoke 'CryptReleaseContext' resolved to 'CryptReleaseContext!advapi32.dll' from 'SupportedAPIs.xml'."
"Message",Normal,"          P/Invoke 'LocalFree' resolved to 'LocalFree!kernel32.dll' from 'SupportedAPIs.xml'."
"Message",Normal,"          P/Invoke 'CertControlStore' resolved to 'CertControlStore!crypt32.dll' from 'SupportedAPIs.xml'."
"Message",Normal,"          P/Invoke 'FormatMessageW' resolved to 'FormatMessageW!kernel32.dll' from 'SupportedAPIs.xml'."
"Message",Normal,"          P/Invoke 'FormatMessageW' resolved to 'FormatMessageW!kernel32.dll' from 'SupportedAPIs.xml'."
"Message",Normal,"          P/Invoke 'BCryptGetProperty' resolved to 'BCryptGetProperty!BCrypt.dll' from 'SupportedAPIs.xml'."
"Message",Normal,"          P/Invoke 'NCryptImportKey' resolved to 'NCryptImportKey!ncrypt.dll' from 'SupportedAPIs.xml'."
"Message",Normal,"          P/Invoke 'NCryptGetProperty' resolved to 'NCryptGetProperty!ncrypt.dll' from 'SupportedAPIs.xml'."
"Message",Normal,"          P/Invoke 'CryptImportKey' resolved to 'CryptImportKey!advapi32.dll' from 'SupportedAPIs.xml'."
"Message",Normal,"          P/Invoke 'CryptSetProvParam' resolved to 'CryptSetProvParam!advapi32.dll' from 'SupportedAPIs.xml'."
"Message",Normal,"          P/Invoke 'RoGetBufferMarshaler' resolved to 'RoGetBufferMarshaler!api-ms-win-core-winrt-robuffer-l1-1-0.dll' from 'SupportedAPIs.xml'."
"Message",Normal,"          P/Invoke 'BCryptDestroyKey' resolved to 'BCryptDestroyKey!BCrypt.dll' from 'SupportedAPIs.xml'."
"Message",Normal,"          P/Invoke 'NCryptSetProperty' resolved to 'NCryptSetProperty!ncrypt.dll' from 'SupportedAPIs.xml'."
"Message",Normal,"          P/Invoke 'CryptDecodeObject' resolved to 'CryptDecodeObject!crypt32.dll' from 'SupportedAPIs.xml'."
"Message",Normal,"          P/Invoke 'CryptSetProvParam' resolved to 'CryptSetProvParam!advapi32.dll' from 'SupportedAPIs.xml'."
"Message",Normal,"          P/Invoke 'CertFindExtension' resolved to 'CertFindExtension!crypt32.dll' from 'SupportedAPIs.xml'."
"Message",Normal,"          P/Invoke 'CertGetValidUsages' resolved to 'CertGetValidUsages!crypt32.dll' from 'SupportedAPIs.xml'."
"Message",Normal,"          P/Invoke 'CertGetIntendedKeyUsage' resolved to 'CertGetIntendedKeyUsage!crypt32.dll' from 'SupportedAPIs.xml'."
"Message",Normal,"          P/Invoke 'CryptFindOIDInfo' resolved to 'CryptFindOIDInfo!crypt32.dll' from 'SupportedAPIs.xml'."
"Message",Normal,"          P/Invoke 'CryptGenKey' resolved to 'CryptGenKey!advapi32.dll' from 'SupportedAPIs.xml'."
"Message",Normal,"          P/Invoke 'FormatMessageW' resolved to 'FormatMessageW!kernel32.dll' from 'SupportedAPIs.xml'."
"Message",Normal,"          P/Invoke 'CertVerifyTimeValidity' resolved to 'CertVerifyTimeValidity!crypt32.dll' from 'SupportedAPIs.xml'."
"Message",Normal,"          P/Invoke 'BCryptCreateHash' resolved to 'BCryptCreateHash!BCrypt.dll' from 'SupportedAPIs.xml'."
"Message",Normal,"          P/Invoke 'BCryptGetProperty' resolved to 'BCryptGetProperty!BCrypt.dll' from 'SupportedAPIs.xml'."
"Message",Normal,"          P/Invoke 'BCryptOpenAlgorithmProvider' resolved to 'BCryptOpenAlgorithmProvider!BCrypt.dll' from 'SupportedAPIs.xml'."
"Message",Normal,"          P/Invoke 'BCryptCloseAlgorithmProvider' resolved to 'BCryptCloseAlgorithmProvider!BCrypt.dll' from 'SupportedAPIs.xml'."
"Message",Normal,"          P/Invoke 'BCryptDestroyHash' resolved to 'BCryptDestroyHash!BCrypt.dll' from 'SupportedAPIs.xml'."
"Message",Normal,"          P/Invoke 'FormatMessageW' resolved to 'FormatMessageW!kernel32.dll' from 'SupportedAPIs.xml'."
"Message",High,"  Generating code..."
"Message",High,"  Interop code generated."
"Message",Normal,"  Written code to AssemblyInfo.g.cs"
"Message",Normal,"  Written code to Adapters.g.cs"
"Message",Normal,"  Written code to Data.g.cs"
"Message",Normal,"  Written code to Helpers.g.cs"
"Message",Normal,"  Written code to ImplTypes.g.cs"
"Message",Normal,"  Written code to PInvoke.g.cs"
"Message",Normal,"  Written code to SafeTypes.g.cs"
"Message",Normal,"  Written code to SharedStubs.g.cs"
"Message",Normal,"Running 'GenerateCodeAndCompile' transform, heap at 209 MB."
"Message",High,"Compiling interop code"
"Message",Normal,"Compiling generated source code: C:\Program Files (x86)\Microsoft SDKs\UWPNuGetPackages\microsoft.net.native.compiler\2.2.12-rel-31116-00\tools\csc\csc.exe /noconfig @""G:\Projects\LyricManager\LyricManager\obj\ARM64\Release\ilc\intermediate\LyricManager.McgInterop.rsp"""
"Message",High,"Generating System.Reflection.DispatchProxy proxy code."
"Message",Normal,"Running 'ReducedCopyInitialize' transform, heap at 209 MB."
"Message",Normal,"Running 'ReducedCopyEmptyTypes' transform, heap at 227 MB."
"Message",Normal,"Running 'ReducedCopyPopulateTypes' transform, heap at 230 MB."
"Message",Normal,"Running 'ReducedCopyLateMetadata' transform, heap at 177 MB."
"Message",Normal,"Running 'ReducedCopyPassResourcesToMutableAssembly' transform, heap at 191 MB."
"Message",Normal,"Running 'ReducedCopyMethodBodies' transform, heap at 192 MB."
"Message",Normal,"Running 'ReducedCopyComplete' transform, heap at 209 MB."
"Message",Normal,"Running 'ReducedCopyCleanup' transform, heap at 211 MB."
"Message",Normal,"Running 'DeveloperExperienceModeOnlyCodeRemover' transform, heap at 197 MB."
"Message",Normal,"Running 'ComImportDetector' transform, heap at 197 MB."
"Message",Normal,"Running 'McgAccessor' transform, heap at 197 MB."
"Message",Normal,"Running 'McgRedirect' transform, heap at 198 MB."
"Message",Normal,"Running 'McgRedirect' transform, heap at 200 MB."
"Message",Normal,"Running 'McgTypeOf' transform, heap at 201 MB."
"Message",Normal,"Running 'EventSource' transform, heap at 206 MB."
"Message",Normal,"Running 'ValueType' transform, heap at 206 MB."
"Message",Normal,"Running 'Attribute' transform, heap at 206 MB."
"Message",Normal,"Running 'GetType' transform, heap at 206 MB."
"Message",Normal,"Running 'McgFixups' transform, heap at 207 MB."
"Message",Normal,"Running 'ResourceManagerCtor' transform, heap at 208 MB."
"Message",Normal,"Running 'TypeofTypeHandle' transform, heap at 208 MB."
"Message",Normal,"Running 'DispatchProxyIntrinsics' transform, heap at 211 MB."
"Message",Normal,"Running 'StaticInitData' transform, heap at 211 MB."
"Message",Normal,"Running 'Delegate' transform, heap at 219 MB."
"Message",Normal,"Running 'LazyGenerics' transform, heap at 220 MB."
"Message",Normal,"Running 'AddReflectionBlockedAttributes' transform, heap at 228 MB."
"Message",Normal,"Running 'DisableOptimization' transform, heap at 228 MB."
"Message",Normal,"Running 'ResourceExtractor' transform, heap at 228 MB."
"Message",Normal,"Running 'CreateMetadata' transform, heap at 228 MB."
"Message",Normal,"Running 'StartupCodeInjector' transform, heap at 237 MB."
"Message",Normal,"Running 'SaveRVAStatics' transform, heap at 238 MB."
"Message",Normal,"Running 'ReflectionInvoke' transform, heap at 238 MB."
"Message",Normal,"Running 'ScrubOpenCalls' transform, heap at 238 MB."
"Message",Normal,"Running 'ConvertCatchIntoFilter' transform, heap at 238 MB."
"Message",Normal,"Running 'ReflectionMappingInfoEmit' transform, heap at 239 MB."
"Message",Normal,"Running 'ReflectionIntrinsics' transform, heap at 239 MB."
"Message",Normal,"Running 'ConvertManagedWinMD' transform, heap at 239 MB."
"Message",Normal,"Running 'DebuggerGuidedStepThroughJmc' transform, heap at 239 MB."
"Message",Normal,"Running 'Reducer' transform, heap at 241 MB."
"Message",High,"Cleaning up unreferenced code"
"Message",Normal,"Running 'WriteAssemblies' transform, heap at 230 MB."
"Message",Normal,""
"Message",Normal,"Transform summary"
"Message",Normal,"    ms | heap delta | name"
"Message",Normal,"  4639 |        130 | Analysis"
"Message",Normal,"  1329 |          0 | GenerateCodeAndCompile"
"Message",Normal,"   675 |         38 | Mcg"
"Message",Normal,"   500 |        -11 | Reducer"
"Message",Normal,"   486 |         37 | WriteAssemblies"
"Message",Normal,"   327 |          2 | ReducedCopyComplete"
"Message",Normal,"   175 |         14 | DumpNativeResources"
"Message",Normal,"   156 |         18 | ReducedCopyInitialize"
"Message",Normal,"   129 |        -53 | ReducedCopyPopulateTypes"
"Message",Normal,"    96 |         17 | ReducedCopyMethodBodies"
"Message",Normal,"    74 |         14 | ReducedCopyLateMetadata"
"Message",Normal,"    60 |          9 | CreateMetadata"
"Message",Normal,"    49 |        -14 | ReducedCopyCleanup"
"Message",Normal,"    39 |          8 | LazyGenerics"
"Message",Normal,"    37 |          2 | McgRedirect"
"Message",Normal,"    37 |          5 | McgTypeOf"
"Message",Normal,"    27 |          8 | StaticInitData"
"Message",Normal,"    24 |          3 | TypeofTypeHandle"
"Message",Normal,"    21 |          1 | McgRedirect"
"Message",Normal,"    13 |          0 | SaveRVAStatics"
"Message",Normal,"     8 |          3 | ReducedCopyEmptyTypes"
"Message",Normal,"     7 |          2 | DebuggerGuidedStepThroughJmc"
"Message",Normal,"     6 |          1 | GetType"
"Message",Normal,"     6 |          1 | McgFixups"
"Message",Normal,"     4 |          0 | DispatchProxyIntrinsics"
"Message",Normal,"     3 |          1 | McgAccessor"
"Message",Normal,"     3 |          0 | ReflectionIntrinsics"
"Message",Normal,"     3 |          0 | ScrubOpenCalls"
"Message",Normal,"     2 |          1 | Delegate"
"Message",Normal,"     2 |          1 | ConvertCatchIntoFilter"
"Message",Normal,"     1 |          0 | Attribute"
"Message",Normal,"     1 |          0 | ValueType"
"Message",Normal,"     1 |          0 | EventSource"
"Message",Normal,"     1 |          0 | AddReflectionBlockedAttributes"
"Message",Normal,"     0 |          1 | ReducedCopyPassResourcesToMutableAssembly"
"Message",Normal,"     0 |          0 | ConvertManagedWinMD"
"Message",Normal,"     0 |          0 | ReflectionMappingInfoEmit"
"Message",Normal,"     0 |          1 | StartupCodeInjector"
"Message",Normal,"     0 |          0 | DeveloperExperienceModeOnlyCodeRemover"
"Message",Normal,"     0 |          0 | ComImportDetector"
"Message",Normal,"     0 |          0 | ResourceExtractor"
"Message",Normal,"     0 |          0 | DisableOptimization"
"Message",Normal,"     0 |          0 | ReflectionInvoke"
"Message",Normal,"     0 |          0 | ResourceManagerCtor"
"Message",Low,"Done executing task ""RunILTransforms""."
"Message",Low,"Done building target ""RunILTransforms"" in file ""ILTransforms""."
"Message",Low,"Done building project ""ILTransforms""."
"Message",Low,""
"Message",Low,""
"Message",Low,"Done building target ""GenerateMDIL"" in file ""Nutc""."
"Message",Low,""
"Message",High,"Generating native code"
"Message",Low,"Done building target ""MDILPrepareMultiFile"" in file ""Nutc""."
"Message",Low,""
"Message",Low,"Done building target ""SetBinaryForReferences"" in file ""Nutc""."
"Message",Low,""
"Message",Low,"Task ""GenerateMDILGlobalAnalysis"""
"Message",Normal,"Launching 'C:\Program Files (x86)\Microsoft SDKs\UWPNuGetPackages\runtime.win10-arm64.microsoft.net.native.compiler\2.2.12-rel-31116-00\tools\ARM64\ilc\Tools64\nutc_driver.exe @""G:\Projects\LyricManager\LyricManager\obj\ARM64\Release\ilc\intermediate\MDIL\LyricManager.rsp""'"
"Message",Low,"Assembly path: ILCompiler.Host.dll"
"Message",Low,"Managed type:  ILCompiler.ILCompilerHost"
"Message",Low,"Method name:   Initialize"
"Message",Low,"Arguments:     00007FF87D5729F0"
"Message",Low,"Managed call succeeded, exit code: 00000000"
"Message",Low,"Scanning 1574 methods."
"Message",Low,"Scanning 3382 methods."
"Message",Low,"Scanning 1687 methods."
"Message",Low,"Scanning 1040 methods."
"Message",Low,"Scanning 679 methods."
"Message",Low,"Scanning 582 methods."
"Message",Low,"Scanning 397 methods."
"Message",Low,"Scanning 323 methods."
"Message",Low,"Scanning 269 methods."
"Message",Low,"Scanning 229 methods."
"Message",Low,"Scanning 121 methods."
"Message",Low,"Scanning 57 methods."
"Message",Low,"Scanning 44 methods."
"Message",Low,"Scanning 43 methods."
"Message",Low,"Scanning 73 methods."
"Message",Low,"Scanning 85 methods."
"Message",Low,"Scanning 83 methods."
"Message",Low,"Scanning 37 methods."
"Message",Low,"Scanning 15 methods."
"Message",Low,"Scanning 9 methods."
"Message",Low,"Compiling 10729 methods."
"Message",Low,"Emitting Object File"
"Message",Low,"Successfully generated 'G:\Projects\LyricManager\LyricManager\obj\ARM64\Release\ilc\intermediate\MDIL\LyricManager.obj'"
"Message",Low,"Microsoft (R) MDIL Compiler - Version 2.2.31116.00"
"Message",Low,"Copyright (c) Microsoft Corporation.  All rights reserved."
"Message",Normal,"'C:\Program Files (x86)\Microsoft SDKs\UWPNuGetPackages\runtime.win10-arm64.microsoft.net.native.compiler\2.2.12-rel-31116-00\tools\ARM64\ilc\Tools64\nutc_driver.exe @""G:\Projects\LyricManager\LyricManager\obj\ARM64\Release\ilc\intermediate\MDIL\LyricManager.rsp""' completed."
"Message",Normal,"Process execution statistics (all times in milliseconds)"
"Message",Normal,"-----------------------------------------------------------------------------"
"Message",Normal,"launch  |  start   |   stop   |   end    | duration | lifetime | [slot] name"
"Message",Normal,"-----------------------------------------------------------------------------"
"Message",Normal,"       0 |       15 |     8453 |     8453 |     8438 |     8453 | [0] Nutc GlobalAnalysis"
"Message",Normal,"Number of commands:      1"
"Message",Normal,"Total system time:       8453 ms"
"Message",Normal,"System time per command: 8453 ms"
"Message",Normal,"Total duration:          8438 ms"
"Message",Normal,"Total lifetime:          8453 ms"
"Message",Normal,"Requested DOP:           6"
"Message",Normal,"Duration DOP:            1.0"
"Message",Normal,"Lifetime DOP:            1.0"
"Message",Low,"Done executing task ""GenerateMDILGlobalAnalysis""."
"Message",Low,"Done building target ""GenerateMDILGlobalAnalysis"" in file ""Nutc""."
"Message",Low,""
"Message",Low,"Task ""rc"""
"Message",Normal,"Launching 'H:\Windows Kits\10\bin\10.0.19041.0\x64\rc.exe /c ""65001"" /r /fo ""G:\Projects\LyricManager\LyricManager\obj\ARM64\Release\ilc\intermediate\BuildInfo\BuildInfo.res"" ""G:\Projects\LyricManager\LyricManager\obj\ARM64\Release\ilc\intermediate\BuildInfo\BuildInfo.rc""'"
"Message",Low,"Microsoft (R) Windows (R) Resource Compiler Version 10.0.10011.16384"
"Message",Low,"Copyright (C) Microsoft Corporation.  All rights reserved."
"Message",Normal,"'H:\Windows Kits\10\bin\10.0.19041.0\x64\rc.exe /c ""65001"" /r /fo ""G:\Projects\LyricManager\LyricManager\obj\ARM64\Release\ilc\intermediate\BuildInfo\BuildInfo.res"" ""G:\Projects\LyricManager\LyricManager\obj\ARM64\Release\ilc\intermediate\BuildInfo\BuildInfo.rc""' completed."
"Message",Normal,"Process execution statistics (all times in milliseconds)"
"Message",Normal,"-----------------------------------------------------------------------------"
"Message",Normal,"launch  |  start   |   stop   |   end    | duration | lifetime | [slot] name"
"Message",Normal,"-----------------------------------------------------------------------------"
"Message",Normal,"       0 |        0 |       78 |       78 |       78 |       78 | [0] rc"
"Message",Normal,"Number of commands:      1"
"Message",Normal,"Total system time:       78 ms"
"Message",Normal,"System time per command: 78 ms"
"Message",Normal,"Total duration:          78 ms"
"Message",Normal,"Total lifetime:          78 ms"
"Message",Normal,"Requested DOP:           6"
"Message",Normal,"Duration DOP:            1.0"
"Message",Normal,"Lifetime DOP:            1.0"
"Message",Low,"Done executing task ""rc""."
"Message",Low,"Task ""ResourceBinaryConcatenate"""
"Message",Normal,"Concatenating into 'G:\Projects\LyricManager\LyricManager\obj\ARM64\Release\ilc\intermediate\Native.res' with alignment '4'."
"Message",Normal," Added 'G:\Projects\LyricManager\LyricManager\obj\ARM64\Release\ilc\intermediate\ILTransformed\LyricManager.res' at offset 0."
"Message",Normal," Added 'G:\Projects\LyricManager\LyricManager\obj\ARM64\Release\ilc\intermediate\BuildInfo\BuildInfo.res' at offset 1416."
"Message",Low,"Done executing task ""ResourceBinaryConcatenate""."
"Message",Low,"Done building target ""GenerateBuildInfo"" in file ""Nutc""."
"Message",Low,"Done building project ""Nutc""."
"Message",Low,""
"Message",Low,""
"Message",Low,"Task ""Lib"""
"Message",Normal,"Launching 'C:\Program Files (x86)\Microsoft SDKs\UWPNuGetPackages\runtime.win10-arm64.microsoft.net.native.compiler\2.2.12-rel-31116-00\tools\ARM64\ilc\tools\link\link.exe /LIB /MACHINE:arm64 /DEF:""G:\Projects\LyricManager\LyricManager\obj\ARM64\Release\ilc\intermediate\MDIL\advapi32.def"" /OUT:""G:\Projects\LyricManager\LyricManager\obj\ARM64\Release\ilc\intermediate\MDIL\advapi32.lib""'"
"Message",Normal,"Launching 'C:\Program Files (x86)\Microsoft SDKs\UWPNuGetPackages\runtime.win10-arm64.microsoft.net.native.compiler\2.2.12-rel-31116-00\tools\ARM64\ilc\tools\link\link.exe /LIB /MACHINE:arm64 /DEF:""G:\Projects\LyricManager\LyricManager\obj\ARM64\Release\ilc\intermediate\MDIL\api-ms-win-core-localization-l1-2-0.def"" /OUT:""G:\Projects\LyricManager\LyricManager\obj\ARM64\Release\ilc\intermediate\MDIL\api-ms-win-core-localization-l1-2-0.lib""'"
"Message",Normal,"Launching 'C:\Program Files (x86)\Microsoft SDKs\UWPNuGetPackages\runtime.win10-arm64.microsoft.net.native.compiler\2.2.12-rel-31116-00\tools\ARM64\ilc\tools\link\link.exe /LIB /MACHINE:arm64 /DEF:""G:\Projects\LyricManager\LyricManager\obj\ARM64\Release\ilc\intermediate\MDIL\api-ms-win-core-winrt-l1-1-0.def"" /OUT:""G:\Projects\LyricManager\LyricManager\obj\ARM64\Release\ilc\intermediate\MDIL\api-ms-win-core-winrt-l1-1-0.lib""'"
"Message",Normal,"Launching 'C:\Program Files (x86)\Microsoft SDKs\UWPNuGetPackages\runtime.win10-arm64.microsoft.net.native.compiler\2.2.12-rel-31116-00\tools\ARM64\ilc\tools\link\link.exe /LIB /MACHINE:arm64 /DEF:""G:\Projects\LyricManager\LyricManager\obj\ARM64\Release\ilc\intermediate\MDIL\api-ms-win-core-winrt-robuffer-l1-1-0.def"" /OUT:""G:\Projects\LyricManager\LyricManager\obj\ARM64\Release\ilc\intermediate\MDIL\api-ms-win-core-winrt-robuffer-l1-1-0.lib""'"
"Message",Normal,"Launching 'C:\Program Files (x86)\Microsoft SDKs\UWPNuGetPackages\runtime.win10-arm64.microsoft.net.native.compiler\2.2.12-rel-31116-00\tools\ARM64\ilc\tools\link\link.exe /LIB /MACHINE:arm64 /DEF:""G:\Projects\LyricManager\LyricManager\obj\ARM64\Release\ilc\intermediate\MDIL\api-ms-win-core-winrt-string-l1-1-0.def"" /OUT:""G:\Projects\LyricManager\LyricManager\obj\ARM64\Release\ilc\intermediate\MDIL\api-ms-win-core-winrt-string-l1-1-0.lib""'"
"Message",Normal,"Launching 'C:\Program Files (x86)\Microsoft SDKs\UWPNuGetPackages\runtime.win10-arm64.microsoft.net.native.compiler\2.2.12-rel-31116-00\tools\ARM64\ilc\tools\link\link.exe /LIB /MACHINE:arm64 /DEF:""G:\Projects\LyricManager\LyricManager\obj\ARM64\Release\ilc\intermediate\MDIL\BCrypt.def"" /OUT:""G:\Projects\LyricManager\LyricManager\obj\ARM64\Release\ilc\intermediate\MDIL\BCrypt.lib""'"
"Message",Low,"Microsoft (R) Library Manager Version 14.15.26727.0__Copyright (C) Microsoft Corporation.  All rights reserved.____   Creating library G:\Projects\LyricManager\LyricManager\obj\ARM64\Release\ilc\intermediate\MDIL\api-ms-win-core-localization-l1-2-0.lib and object G:\Projects\LyricManager\LyricManager\obj\ARM64\Release\ilc\intermediate\MDIL\api-ms-win-core-localization-l1-2-0.exp__"
"Message",Normal,"'C:\Program Files (x86)\Microsoft SDKs\UWPNuGetPackages\runtime.win10-arm64.microsoft.net.native.compiler\2.2.12-rel-31116-00\tools\ARM64\ilc\tools\link\link.exe /LIB /MACHINE:arm64 /DEF:""G:\Projects\LyricManager\LyricManager\obj\ARM64\Release\ilc\intermediate\MDIL\api-ms-win-core-localization-l1-2-0.def"" /OUT:""G:\Projects\LyricManager\LyricManager\obj\ARM64\Release\ilc\intermediate\MDIL\api-ms-win-core-localization-l1-2-0.lib""' completed."
"Message",Normal,"Launching 'C:\Program Files (x86)\Microsoft SDKs\UWPNuGetPackages\runtime.win10-arm64.microsoft.net.native.compiler\2.2.12-rel-31116-00\tools\ARM64\ilc\tools\link\link.exe /LIB /MACHINE:arm64 /DEF:""G:\Projects\LyricManager\LyricManager\obj\ARM64\Release\ilc\intermediate\MDIL\crypt32.def"" /OUT:""G:\Projects\LyricManager\LyricManager\obj\ARM64\Release\ilc\intermediate\MDIL\crypt32.lib""'"
"Message",Low,"Microsoft (R) Library Manager Version 14.15.26727.0__Copyright (C) Microsoft Corporation.  All rights reserved.____   Creating library G:\Projects\LyricManager\LyricManager\obj\ARM64\Release\ilc\intermediate\MDIL\advapi32.lib and object G:\Projects\LyricManager\LyricManager\obj\ARM64\Release\ilc\intermediate\MDIL\advapi32.exp__"
"Message",Normal,"'C:\Program Files (x86)\Microsoft SDKs\UWPNuGetPackages\runtime.win10-arm64.microsoft.net.native.compiler\2.2.12-rel-31116-00\tools\ARM64\ilc\tools\link\link.exe /LIB /MACHINE:arm64 /DEF:""G:\Projects\LyricManager\LyricManager\obj\ARM64\Release\ilc\intermediate\MDIL\advapi32.def"" /OUT:""G:\Projects\LyricManager\LyricManager\obj\ARM64\Release\ilc\intermediate\MDIL\advapi32.lib""' completed."
"Message",Normal,"Launching 'C:\Program Files (x86)\Microsoft SDKs\UWPNuGetPackages\runtime.win10-arm64.microsoft.net.native.compiler\2.2.12-rel-31116-00\tools\ARM64\ilc\tools\link\link.exe /LIB /MACHINE:arm64 /DEF:""G:\Projects\LyricManager\LyricManager\obj\ARM64\Release\ilc\intermediate\MDIL\iphlpapi.def"" /OUT:""G:\Projects\LyricManager\LyricManager\obj\ARM64\Release\ilc\intermediate\MDIL\iphlpapi.lib""'"
"Message",Low,"Microsoft (R) Library Manager Version 14.15.26727.0__Copyright (C) Microsoft Corporation.  All rights reserved.____   Creating library G:\Projects\LyricManager\LyricManager\obj\ARM64\Release\ilc\intermediate\MDIL\BCrypt.lib and object G:\Projects\LyricManager\LyricManager\obj\ARM64\Release\ilc\intermediate\MDIL\BCrypt.exp__"
"Message",Normal,"'C:\Program Files (x86)\Microsoft SDKs\UWPNuGetPackages\runtime.win10-arm64.microsoft.net.native.compiler\2.2.12-rel-31116-00\tools\ARM64\ilc\tools\link\link.exe /LIB /MACHINE:arm64 /DEF:""G:\Projects\LyricManager\LyricManager\obj\ARM64\Release\ilc\intermediate\MDIL\BCrypt.def"" /OUT:""G:\Projects\LyricManager\LyricManager\obj\ARM64\Release\ilc\intermediate\MDIL\BCrypt.lib""' completed."
"Message",Normal,"Launching 'C:\Program Files (x86)\Microsoft SDKs\UWPNuGetPackages\runtime.win10-arm64.microsoft.net.native.compiler\2.2.12-rel-31116-00\tools\ARM64\ilc\tools\link\link.exe /LIB /MACHINE:arm64 /DEF:""G:\Projects\LyricManager\LyricManager\obj\ARM64\Release\ilc\intermediate\MDIL\kernel32.def"" /OUT:""G:\Projects\LyricManager\LyricManager\obj\ARM64\Release\ilc\intermediate\MDIL\kernel32.lib""'"
"Message",Low,"Microsoft (R) Library Manager Version 14.15.26727.0__Copyright (C) Microsoft Corporation.  All rights reserved.____   Creating library G:\Projects\LyricManager\LyricManager\obj\ARM64\Release\ilc\intermediate\MDIL\api-ms-win-core-winrt-string-l1-1-0.lib and object G:\Projects\LyricManager\LyricManager\obj\ARM64\Release\ilc\intermediate\MDIL\api-ms-win-core-winrt-string-l1-1-0.exp__"
"Message",Normal,"'C:\Program Files (x86)\Microsoft SDKs\UWPNuGetPackages\runtime.win10-arm64.microsoft.net.native.compiler\2.2.12-rel-31116-00\tools\ARM64\ilc\tools\link\link.exe /LIB /MACHINE:arm64 /DEF:""G:\Projects\LyricManager\LyricManager\obj\ARM64\Release\ilc\intermediate\MDIL\api-ms-win-core-winrt-string-l1-1-0.def"" /OUT:""G:\Projects\LyricManager\LyricManager\obj\ARM64\Release\ilc\intermediate\MDIL\api-ms-win-core-winrt-string-l1-1-0.lib""' completed."
"Message",Normal,"Launching 'C:\Program Files (x86)\Microsoft SDKs\UWPNuGetPackages\runtime.win10-arm64.microsoft.net.native.compiler\2.2.12-rel-31116-00\tools\ARM64\ilc\tools\link\link.exe /LIB /MACHINE:arm64 /DEF:""G:\Projects\LyricManager\LyricManager\obj\ARM64\Release\ilc\intermediate\MDIL\ncrypt.def"" /OUT:""G:\Projects\LyricManager\LyricManager\obj\ARM64\Release\ilc\intermediate\MDIL\ncrypt.lib""'"
"Message",Low,"Microsoft (R) Library Manager Version 14.15.26727.0__Copyright (C) Microsoft Corporation.  All rights reserved.____   Creating library G:\Projects\LyricManager\LyricManager\obj\ARM64\Release\ilc\intermediate\MDIL\api-ms-win-core-winrt-l1-1-0.lib and object G:\Projects\LyricManager\LyricManager\obj\ARM64\Release\ilc\intermediate\MDIL\api-ms-win-core-winrt-l1-1-0.exp__"
"Message",Normal,"'C:\Program Files (x86)\Microsoft SDKs\UWPNuGetPackages\runtime.win10-arm64.microsoft.net.native.compiler\2.2.12-rel-31116-00\tools\ARM64\ilc\tools\link\link.exe /LIB /MACHINE:arm64 /DEF:""G:\Projects\LyricManager\LyricManager\obj\ARM64\Release\ilc\intermediate\MDIL\api-ms-win-core-winrt-l1-1-0.def"" /OUT:""G:\Projects\LyricManager\LyricManager\obj\ARM64\Release\ilc\intermediate\MDIL\api-ms-win-core-winrt-l1-1-0.lib""' completed."
"Message",Low,"Microsoft (R) Library Manager Version 14.15.26727.0__Copyright (C) Microsoft Corporation.  All rights reserved.____   Creating library G:\Projects\LyricManager\LyricManager\obj\ARM64\Release\ilc\intermediate\MDIL\api-ms-win-core-winrt-robuffer-l1-1-0.lib and object G:\Projects\LyricManager\LyricManager\obj\ARM64\Release\ilc\intermediate\MDIL\api-ms-win-core-winrt-robuffer-l1-1-0.exp__"
"Message",Normal,"'C:\Program Files (x86)\Microsoft SDKs\UWPNuGetPackages\runtime.win10-arm64.microsoft.net.native.compiler\2.2.12-rel-31116-00\tools\ARM64\ilc\tools\link\link.exe /LIB /MACHINE:arm64 /DEF:""G:\Projects\LyricManager\LyricManager\obj\ARM64\Release\ilc\intermediate\MDIL\api-ms-win-core-winrt-robuffer-l1-1-0.def"" /OUT:""G:\Projects\LyricManager\LyricManager\obj\ARM64\Release\ilc\intermediate\MDIL\api-ms-win-core-winrt-robuffer-l1-1-0.lib""' completed."
"Message",Low,"Microsoft (R) Library Manager Version 14.15.26727.0__Copyright (C) Microsoft Corporation.  All rights reserved.____   Creating library G:\Projects\LyricManager\LyricManager\obj\ARM64\Release\ilc\intermediate\MDIL\crypt32.lib and object G:\Projects\LyricManager\LyricManager\obj\ARM64\Release\ilc\intermediate\MDIL\crypt32.exp__"
"Message",Normal,"'C:\Program Files (x86)\Microsoft SDKs\UWPNuGetPackages\runtime.win10-arm64.microsoft.net.native.compiler\2.2.12-rel-31116-00\tools\ARM64\ilc\tools\link\link.exe /LIB /MACHINE:arm64 /DEF:""G:\Projects\LyricManager\LyricManager\obj\ARM64\Release\ilc\intermediate\MDIL\crypt32.def"" /OUT:""G:\Projects\LyricManager\LyricManager\obj\ARM64\Release\ilc\intermediate\MDIL\crypt32.lib""' completed."
"Message",Low,"Microsoft (R) Library Manager Version 14.15.26727.0__Copyright (C) Microsoft Corporation.  All rights reserved.____   Creating library G:\Projects\LyricManager\LyricManager\obj\ARM64\Release\ilc\intermediate\MDIL\iphlpapi.lib and object G:\Projects\LyricManager\LyricManager\obj\ARM64\Release\ilc\intermediate\MDIL\iphlpapi.exp__"
"Message",Normal,"'C:\Program Files (x86)\Microsoft SDKs\UWPNuGetPackages\runtime.win10-arm64.microsoft.net.native.compiler\2.2.12-rel-31116-00\tools\ARM64\ilc\tools\link\link.exe /LIB /MACHINE:arm64 /DEF:""G:\Projects\LyricManager\LyricManager\obj\ARM64\Release\ilc\intermediate\MDIL\iphlpapi.def"" /OUT:""G:\Projects\LyricManager\LyricManager\obj\ARM64\Release\ilc\intermediate\MDIL\iphlpapi.lib""' completed."
"Message",Low,"Microsoft (R) Library Manager Version 14.15.26727.0__Copyright (C) Microsoft Corporation.  All rights reserved.____   Creating library G:\Projects\LyricManager\LyricManager\obj\ARM64\Release\ilc\intermediate\MDIL\kernel32.lib and object G:\Projects\LyricManager\LyricManager\obj\ARM64\Release\ilc\intermediate\MDIL\kernel32.exp__"
"Message",Normal,"'C:\Program Files (x86)\Microsoft SDKs\UWPNuGetPackages\runtime.win10-arm64.microsoft.net.native.compiler\2.2.12-rel-31116-00\tools\ARM64\ilc\tools\link\link.exe /LIB /MACHINE:arm64 /DEF:""G:\Projects\LyricManager\LyricManager\obj\ARM64\Release\ilc\intermediate\MDIL\kernel32.def"" /OUT:""G:\Projects\LyricManager\LyricManager\obj\ARM64\Release\ilc\intermediate\MDIL\kernel32.lib""' completed."
"Message",Low,"Microsoft (R) Library Manager Version 14.15.26727.0__Copyright (C) Microsoft Corporation.  All rights reserved.____   Creating library G:\Projects\LyricManager\LyricManager\obj\ARM64\Release\ilc\intermediate\MDIL\ncrypt.lib and object G:\Projects\LyricManager\LyricManager\obj\ARM64\Release\ilc\intermediate\MDIL\ncrypt.exp__"
"Message",Normal,"'C:\Program Files (x86)\Microsoft SDKs\UWPNuGetPackages\runtime.win10-arm64.microsoft.net.native.compiler\2.2.12-rel-31116-00\tools\ARM64\ilc\tools\link\link.exe /LIB /MACHINE:arm64 /DEF:""G:\Projects\LyricManager\LyricManager\obj\ARM64\Release\ilc\intermediate\MDIL\ncrypt.def"" /OUT:""G:\Projects\LyricManager\LyricManager\obj\ARM64\Release\ilc\intermediate\MDIL\ncrypt.lib""' completed."
"Message",Normal,"Process execution statistics (all times in milliseconds)"
"Message",Normal,"-----------------------------------------------------------------------------"
"Message",Normal,"launch  |  start   |   stop   |   end    | duration | lifetime | [slot] name"
"Message",Normal,"-----------------------------------------------------------------------------"
"Message",Normal,"       0 |       16 |      812 |      812 |      796 |      812 | [0] C:\Program Files (x86)\Microsoft SDKs\UWPNuGetPackages\runtime.win10-arm64.microsoft.net.native.compiler\2.2.12-rel-31116-00\tools\ARM64\ilc\tools\link\link.exe /LIB /MACHINE:arm64 /DEF:""G:\Projects\LyricManager\LyricManager\obj\ARM64\Release\ilc\intermediate\MDIL\advapi32.def"" /OUT:""G:\Projects\LyricManager\LyricManager\obj\ARM64\Release\ilc\intermediate\MDIL\advapi32.lib"""
"Message",Normal,"      16 |       31 |      812 |      812 |      781 |      796 | [1] C:\Program Files (x86)\Microsoft SDKs\UWPNuGetPackages\runtime.win10-arm64.microsoft.net.native.compiler\2.2.12-rel-31116-00\tools\ARM64\ilc\tools\link\link.exe /LIB /MACHINE:arm64 /DEF:""G:\Projects\LyricManager\LyricManager\obj\ARM64\Release\ilc\intermediate\MDIL\api-ms-win-core-localization-l1-2-0.def"" /OUT:""G:\Projects\LyricManager\LyricManager\obj\ARM64\Release\ilc\intermediate\MDIL\api-ms-win-core-localization-l1-2-0.lib"""
"Message",Normal,"      31 |       31 |      875 |      875 |      844 |      844 | [2] C:\Program Files (x86)\Microsoft SDKs\UWPNuGetPackages\runtime.win10-arm64.microsoft.net.native.compiler\2.2.12-rel-31116-00\tools\ARM64\ilc\tools\link\link.exe /LIB /MACHINE:arm64 /DEF:""G:\Projects\LyricManager\LyricManager\obj\ARM64\Release\ilc\intermediate\MDIL\api-ms-win-core-winrt-l1-1-0.def"" /OUT:""G:\Projects\LyricManager\LyricManager\obj\ARM64\Release\ilc\intermediate\MDIL\api-ms-win-core-winrt-l1-1-0.lib"""
"Message",Normal,"      47 |       47 |      875 |      875 |      828 |      828 | [4] C:\Program Files (x86)\Microsoft SDKs\UWPNuGetPackages\runtime.win10-arm64.microsoft.net.native.compiler\2.2.12-rel-31116-00\tools\ARM64\ilc\tools\link\link.exe /LIB /MACHINE:arm64 /DEF:""G:\Projects\LyricManager\LyricManager\obj\ARM64\Release\ilc\intermediate\MDIL\api-ms-win-core-winrt-string-l1-1-0.def"" /OUT:""G:\Projects\LyricManager\LyricManager\obj\ARM64\Release\ilc\intermediate\MDIL\api-ms-win-core-winrt-string-l1-1-0.lib"""
"Message",Normal,"      31 |       47 |      875 |      875 |      828 |      844 | [3] C:\Program Files (x86)\Microsoft SDKs\UWPNuGetPackages\runtime.win10-arm64.microsoft.net.native.compiler\2.2.12-rel-31116-00\tools\ARM64\ilc\tools\link\link.exe /LIB /MACHINE:arm64 /DEF:""G:\Projects\LyricManager\LyricManager\obj\ARM64\Release\ilc\intermediate\MDIL\api-ms-win-core-winrt-robuffer-l1-1-0.def"" /OUT:""G:\Projects\LyricManager\LyricManager\obj\ARM64\Release\ilc\intermediate\MDIL\api-ms-win-core-winrt-robuffer-l1-1-0.lib"""
"Message",Normal,"      47 |       62 |      844 |      844 |      782 |      797 | [5] C:\Program Files (x86)\Microsoft SDKs\UWPNuGetPackages\runtime.win10-arm64.microsoft.net.native.compiler\2.2.12-rel-31116-00\tools\ARM64\ilc\tools\link\link.exe /LIB /MACHINE:arm64 /DEF:""G:\Projects\LyricManager\LyricManager\obj\ARM64\Release\ilc\intermediate\MDIL\BCrypt.def"" /OUT:""G:\Projects\LyricManager\LyricManager\obj\ARM64\Release\ilc\intermediate\MDIL\BCrypt.lib"""
"Message",Normal,"     812 |      812 |     1000 |     1000 |      188 |      188 | [1] C:\Program Files (x86)\Microsoft SDKs\UWPNuGetPackages\runtime.win10-arm64.microsoft.net.native.compiler\2.2.12-rel-31116-00\tools\ARM64\ilc\tools\link\link.exe /LIB /MACHINE:arm64 /DEF:""G:\Projects\LyricManager\LyricManager\obj\ARM64\Release\ilc\intermediate\MDIL\crypt32.def"" /OUT:""G:\Projects\LyricManager\LyricManager\obj\ARM64\Release\ilc\intermediate\MDIL\crypt32.lib"""
"Message",Normal,"     812 |      828 |     1016 |     1016 |      188 |      204 | [0] C:\Program Files (x86)\Microsoft SDKs\UWPNuGetPackages\runtime.win10-arm64.microsoft.net.native.compiler\2.2.12-rel-31116-00\tools\ARM64\ilc\tools\link\link.exe /LIB /MACHINE:arm64 /DEF:""G:\Projects\LyricManager\LyricManager\obj\ARM64\Release\ilc\intermediate\MDIL\iphlpapi.def"" /OUT:""G:\Projects\LyricManager\LyricManager\obj\ARM64\Release\ilc\intermediate\MDIL\iphlpapi.lib"""
"Message",Normal,"     844 |      859 |     1047 |     1078 |      188 |      234 | [5] C:\Program Files (x86)\Microsoft SDKs\UWPNuGetPackages\runtime.win10-arm64.microsoft.net.native.compiler\2.2.12-rel-31116-00\tools\ARM64\ilc\tools\link\link.exe /LIB /MACHINE:arm64 /DEF:""G:\Projects\LyricManager\LyricManager\obj\ARM64\Release\ilc\intermediate\MDIL\kernel32.def"" /OUT:""G:\Projects\LyricManager\LyricManager\obj\ARM64\Release\ilc\intermediate\MDIL\kernel32.lib"""
"Message",Normal,"     875 |      875 |     1094 |     1094 |      219 |      219 | [4] C:\Program Files (x86)\Microsoft SDKs\UWPNuGetPackages\runtime.win10-arm64.microsoft.net.native.compiler\2.2.12-rel-31116-00\tools\ARM64\ilc\tools\link\link.exe /LIB /MACHINE:arm64 /DEF:""G:\Projects\LyricManager\LyricManager\obj\ARM64\Release\ilc\intermediate\MDIL\ncrypt.def"" /OUT:""G:\Projects\LyricManager\LyricManager\obj\ARM64\Release\ilc\intermediate\MDIL\ncrypt.lib"""
"Message",Normal,"Number of commands:      10"
"Message",Normal,"Total system time:       1094 ms"
"Message",Normal,"System time per command: 109 ms"
"Message",Normal,"Total duration:          5642 ms"
"Message",Normal,"Total lifetime:          5766 ms"
"Message",Normal,"Requested DOP:           6"
"Message",Normal,"Duration DOP:            5.2"
"Message",Normal,"Lifetime DOP:            5.3"
"Message",Low,"Done executing task ""Lib""."
"Message",Low,"Done building target ""GenerateImportLibs"" in file ""Binder""."
"Message",Low,""
"Message",High,"Generating fixups for native code"
"Message",Low,"Task ""LINK"""
"Message",Normal,"Launching 'C:\Program Files (x86)\Microsoft SDKs\UWPNuGetPackages\runtime.win10-arm64.microsoft.net.native.compiler\2.2.12-rel-31116-00\tools\ARM64\ilc\tools\link\link.exe @""G:\Projects\LyricManager\LyricManager\obj\ARM64\Release\ilc\intermediate\linkargs.LyricManager.rsp""'"
"Message",Low,"LyricManager.obj : warning LNK4104: export of symbol 'DllGetClassObject' should be PRIVATE"
"Message",Low,"   Creating library G:\Projects\LyricManager\LyricManager\obj\ARM64\Release\ilc\intermediate\Native\LyricManager.lib and object G:\Projects\LyricManager\LyricManager\obj\ARM64\Release\ilc\intermediate\Native\LyricManager.exp"
"Message",Normal,"'C:\Program Files (x86)\Microsoft SDKs\UWPNuGetPackages\runtime.win10-arm64.microsoft.net.native.compiler\2.2.12-rel-31116-00\tools\ARM64\ilc\tools\link\link.exe @""G:\Projects\LyricManager\LyricManager\obj\ARM64\Release\ilc\intermediate\linkargs.LyricManager.rsp""' completed."
"Message",Normal,"Process execution statistics (all times in milliseconds)"
"Message",Normal,"-----------------------------------------------------------------------------"
"Message",Normal,"launch  |  start   |   stop   |   end    | duration | lifetime | [slot] name"
"Message",Normal,"-----------------------------------------------------------------------------"
"Message",Normal,"       0 |       15 |      859 |      859 |      844 |      859 | [0] link LyricManager"
"Message",Normal,"Number of commands:      1"
"Message",Normal,"Total system time:       859 ms"
"Message",Normal,"System time per command: 859 ms"
"Message",Normal,"Total duration:          844 ms"
"Message",Normal,"Total lifetime:          859 ms"
"Message",Normal,"Requested DOP:           6"
"Message",Normal,"Duration DOP:            1.0"
"Message",Normal,"Lifetime DOP:            1.0"
"Message",Low,"Done executing task ""LINK""."
"Message",Low,"Task ""LINK"""
"Message",Normal,"Launching 'C:\Program Files (x86)\Microsoft SDKs\UWPNuGetPackages\runtime.win10-arm64.microsoft.net.native.compiler\2.2.12-rel-31116-00\tools\ARM64\ilc\tools\link\link.exe /out:""G:\Projects\LyricManager\LyricManager\obj\ARM64\Release\ilc\intermediate\Native\LyricManager.exe"" /entry:wmain /MACHINE:arm64 /subsystem:windows /appcontainer ""C:\Program Files (x86)\Microsoft SDKs\UWPNuGetPackages\runtime.win10-arm64.microsoft.net.native.compiler\2.2.12-rel-31116-00\tools\ARM64\ilc\Tools\shimExe.lib"" ""G:\Projects\LyricManager\LyricManager\obj\ARM64\Release\ilc\intermediate\Native\LyricManager.lib"" ""C:\Program Files (x86)\Microsoft SDKs\UWPNuGetPackages\runtime.win10-arm64.microsoft.net.native.compiler\2.2.12-rel-31116-00\tools\ARM64\ilc\tools\link\kernel32.lib"" ""@G:\Projects\LyricManager\LyricManager\obj\ARM64\Release\ilc\intermediate\MDIL\shimExe.linkargs.rsp""'"
"Message",Low,"Microsoft (R) Incremental Linker Version 14.15.26727.0"
"Message",Low,"Copyright (C) Microsoft Corporation.  All rights reserved."
"Message",Low,"/stack:1048576 "
"Message",Low,"LINK : warning LNK4001: no object files specified; libraries used"
"Message",Normal,"'C:\Program Files (x86)\Microsoft SDKs\UWPNuGetPackages\runtime.win10-arm64.microsoft.net.native.compiler\2.2.12-rel-31116-00\tools\ARM64\ilc\tools\link\link.exe /out:""G:\Projects\LyricManager\LyricManager\obj\ARM64\Release\ilc\intermediate\Native\LyricManager.exe"" /entry:wmain /MACHINE:arm64 /subsystem:windows /appcontainer ""C:\Program Files (x86)\Microsoft SDKs\UWPNuGetPackages\runtime.win10-arm64.microsoft.net.native.compiler\2.2.12-rel-31116-00\tools\ARM64\ilc\Tools\shimExe.lib"" ""G:\Projects\LyricManager\LyricManager\obj\ARM64\Release\ilc\intermediate\Native\LyricManager.lib"" ""C:\Program Files (x86)\Microsoft SDKs\UWPNuGetPackages\runtime.win10-arm64.microsoft.net.native.compiler\2.2.12-rel-31116-00\tools\ARM64\ilc\tools\link\kernel32.lib"" ""@G:\Projects\LyricManager\LyricManager\obj\ARM64\Release\ilc\intermediate\MDIL\shimExe.linkargs.rsp""' completed."
"Message",Normal,"Process execution statistics (all times in milliseconds)"
"Message",Normal,"-----------------------------------------------------------------------------"
"Message",Normal,"launch  |  start   |   stop   |   end    | duration | lifetime | [slot] name"
"Message",Normal,"-----------------------------------------------------------------------------"
"Message",Normal,"       0 |        0 |       47 |       47 |       47 |       47 | [0] C:\Program Files (x86)\Microsoft SDKs\UWPNuGetPackages\runtime.win10-arm64.microsoft.net.native.compiler\2.2.12-rel-31116-00\tools\ARM64\ilc\tools\link\link.exe /out:""G:\Projects\LyricManager\LyricManager\obj\ARM64\Release\ilc\intermediate\Native\LyricManager.exe"" /entry:wmain /MACHINE:arm64 /subsystem:windows /appcontainer ""C:\Program Files (x86)\Microsoft SDKs\UWPNuGetPackages\runtime.win10-arm64.microsoft.net.native.compiler\2.2.12-rel-31116-00\tools\ARM64\ilc\Tools\shimExe.lib"" ""G:\Projects\LyricManager\LyricManager\obj\ARM64\Release\ilc\intermediate\Native\LyricManager.lib"" ""C:\Program Files (x86)\Microsoft SDKs\UWPNuGetPackages\runtime.win10-arm64.microsoft.net.native.compiler\2.2.12-rel-31116-00\tools\ARM64\ilc\tools\link\kernel32.lib"" ""@G:\Projects\LyricManager\LyricManager\obj\ARM64\Release\ilc\intermediate\MDIL\shimExe.linkargs.rsp"""
"Message",Normal,"Number of commands:      1"
"Message",Normal,"Total system time:       47 ms"
"Message",Normal,"System time per command: 47 ms"
"Message",Normal,"Total duration:          47 ms"
"Message",Normal,"Total lifetime:          47 ms"
"Message",Normal,"Requested DOP:           6"
"Message",Normal,"Duration DOP:            1.0"
"Message",Normal,"Lifetime DOP:            1.0"
"Message",Low,"Done executing task ""LINK""."
"Message",Low,"Done building target ""Link"" in file ""Binder""."
"Message",Low,"Done building project ""Binder""."
"Message",Low,""
"Message",Low,""
"Message",Low,"Done building target ""CopyNativeExecutablesToOutput"" in file ""Deployment""."
"Message",Low,""
"Message",Low,"Task ""TransformAppxManifest"""
"Message",Low,"Done executing task ""TransformAppxManifest""."
"Message",Low,"Done building target ""TransformAppxManifestAndAddCrt"" in file ""Deployment""."
"Message",Low,""
"Message",Low,"Done building target ""CopyPackageResourceFileInRetailBuild"" in file ""Deployment""."
"Message",Low,"Done building project ""Deployment""."
"Message",Low,"Compilation finished"
